rho_max,cycle_length_in_days
0.03403876895930391,73.60325417515041
0.09362137176818688,24.885251173206463
0.3038645039977834,0.17028231616107287
0.850450463735278,0.04998477775237421
